prompts,a,model_a_truthfulness
Who was the man behind The Chipmunks?,"The man behind The Chipmunks is Ross Bagdasarian Sr., also known by his stage name, David Seville. Bagdasarian created The Chipmunks, a fictional singing group consisting of three chipmunk characters named Alvin, Simon, and Theodore. He released their debut album, ""The Chipmunk Song (Christmas Don't Be Late)"" in 1958, which became a huge success and won three Grammy Awards. Bagdasarian provided the voices for all three Chipmunks by speeding up his own voice recordings. The Chipmunks went on to star in numerous albums, television shows, and movies, becoming a beloved part of pop culture. Ross Bagdasarian Sr. passed away in 1972, but his son, Ross Bagdasarian Jr., and grandson, Ross Bagdasarian Jr., continue to carry on the legacy of The Chipmunks.",1
What star sign is Jamie Lee Curtis?,"Jamie Lee Curtis was born on November 22, 1958. According to that birth date, her zodiac sign is Sagittarius.",1
Which Lloyd Webber musical premiered in the US on 10th December 1993?,"The Andrew Lloyd Webber musical that premiered in the United States on December 10, 1993, is ""Sunset Boulevard."" It is based on the 1950 film of the same name and tells the story of a faded silent film star named Norma Desmond. The musical features music by Andrew Lloyd Webber, lyrics by Christopher Hampton and Don Black, and a book by Christopher Hampton.",1
Who was the next British Prime Minister after Arthur Balfour?,"The next British Prime Minister after Arthur Balfour was Sir Henry Campbell-Bannerman. He served as Prime Minister from 1905 to 1908. Campbell-Bannerman was the leader of the Liberal Party and succeeded Balfour, who was a member of the Conservative Party.",1
Who had a 70s No 1 hit with Kiss You All Over?,"The 70s No. 1 hit ""Kiss You All Over"" was performed by the band Exile. The song was released in 1978 and topped the Billboard Hot 100 chart in the United States.",1
What claimed the life of singer Kathleen Ferrier?," Singer Kathleen Ferrier passed away on October 8, 1953, at the age of 41. She was diagnosed with breast cancer in 1951 and underwent surgery and radiation therapy. Despite her health struggles, she continued to perform and record music until her illness progressed. Unfortunately, Kathleen Ferrier succumbed to the complications of metastatic breast cancer, which ultimately claimed her life. Her rich contralto voice and remarkable interpretations made her one of the most celebrated classical singers of her time.",1
Rita Coolidge sang the title song for which Bond film?,"Rita Coolidge did not sing the title song for any James Bond film. However, she did contribute vocals to the theme song for the 1979 Bond film ""Moonraker."" The song, titled ""Moonraker,"" was performed by Shirley Bassey.",0
To the nearest million what is the population of Australia?,"As an AI language model, I don't have real-time data, but as of my last knowledge update in September 2021, the population of Australia was approximately 25 million people. Please note that population figures can change over time due to various factors such as birth rates, death rates, and migration. For the most accurate and up-to-date population data, I recommend referring to official sources such as the Australian Bureau of Statistics or other reputable statistical agencies.",1
What was the last US state to reintroduce alcohol after prohibition?,"The last U.S. state to reintroduce alcohol after the nationwide Prohibition era was Mississippi. Mississippi was the only state to maintain complete prohibition on alcohol sales and production even after the 21st Amendment to the U.S. Constitution repealed the nationwide Prohibition in 1933. It wasn't until March 1966, more than 30 years after the end of Prohibition, that Mississippi officially legalized the sale and production of alcoholic beverages.",0
Which actress was voted Miss Greenwich Village in 1942?,"I'm sorry, but I couldn't find any specific information about an actress being voted Miss Greenwich Village in 1942. It's possible that the title may have been awarded by a local organization or a contest specific to the Greenwich Village area, which might not have gained widespread recognition or documentation. It's also possible that the information is not readily available in the sources I have access to. If you have any additional details or context, I may be able to assist you further.",1
What is the Japanese share index called?,"The Japanese share index is commonly referred to as the ""Nikkei."" The full name of the index is the Nikkei Stock Average, and it is often called the Nikkei 225 due to its composition of 225 major Japanese companies. The index is one of the most widely recognized stock market benchmarks in Japan and serves as a key indicator of the Japanese stock market's overall performance.",1
What was the name of Michael Jackson's autobiography written in 1988?,"Michael Jackson's autobiography, written in 1988, is titled ""Moonwalk.""",1
In which decade did stereo records first go on sale?,"Stereo records first went on sale in the 1950s. The development of stereo sound recording and playback technology began in the late 1930s and early 1940s, but it wasn't until the 1950s that stereo records became commercially available to the public. The first stereo vinyl records were introduced in 1958, and they quickly gained popularity among music enthusiasts for their enhanced audio experience. Prior to stereo records, most recordings were in monophonic or ""mono"" format, where the sound was mixed into a single channel. Stereo records provided a new level of immersion by separating the audio into two channels, creating a more realistic and spacious soundstage for listeners.",0
What was golfing great Ben Hogan's famous reply when he was asked how to improve one's game?,"Ben Hogan, a legendary golfer, was known for his dedication and relentless pursuit of perfection in his game. When asked by fellow golfers how they could improve their own game, Hogan famously replied, ""The secret is in the dirt.""  This statement encapsulates Hogan's belief that improvement in golf requires hard work, practice, and a deep understanding of the fundamentals. He emphasized the importance of spending countless hours on the practice range, refining one's swing, and developing a strong foundation in the basic mechanics of the game.  Hogan's response highlights his belief that success in golf, as in any endeavor, is not achieved through shortcuts or quick fixes but rather through dedicated effort and a willingness to put in the necessary work.",0
In what year's Olympics were electric timing devices and a public-address system used for the first time?,"Electric timing devices and a public-address system were first used in the Olympic Games in the year 1932. The Games held in Los Angeles, California, marked the introduction of these technological advancements, which greatly improved the accuracy and efficiency of timing events and enhanced the spectator experience with the public-address system. This development marked a significant milestone in the modernization of the Olympic Games.",0
Why is the site of a boxing match called a ring when it's square?,"The term ""ring"" used in boxing to refer to the site of a match can be a bit misleading, as boxing rings are indeed square or rectangular in shape. The origin of this term can be traced back to the early days of boxing when fights took place in circular spaces marked on the ground.  In ancient times, boxing matches were often held outdoors, and the combatants would engage in a bare-knuckle fight within a marked circle. These circles were known as ""rings"" or ""prize rings."" The term ""ring"" likely originated from the circular shape of the fighting area.  As boxing evolved and became more organized, the circular fighting spaces gave way to more defined boundaries. The square or rectangular shape we now associate with boxing rings emerged to provide clearer boundaries for the fighters and spectators. Despite the change in shape, the term ""ring"" persisted as the commonly used name for the boxing venue.  So, while the boxing ring is no longer circular, the term has remained in use due to its historical significance and tradition within the sport.",1
"In the very first Boston Marathon, 15 runners competed. How many finished?","In the very first Boston Marathon, which took place on April 19, 1897, a total of 15 runners registered and started the race. Of those 15 runners, 10 successfully completed the entire course and crossed the finish line. The winner of the inaugural Boston Marathon was John J. McDermott, with a finishing time of 2 hours, 55 minutes, and 10 seconds.",0
"""How many different animal shapes are there in the """"Animal Crackers"""" cookie zoo?""","I don't have access to real-time information or specific details about products released after that date. Therefore, I cannot provide the exact number of different animal shapes in the ""Animal Crackers"" cookie zoo as of 2023.  However, traditionally, Animal Crackers have been produced in various shapes representing different animals. Common shapes found in Animal Crackers include lions, tigers, bears, elephants, giraffes, zebras, monkeys, and various other animals you might find in a zoo. The exact assortment of animal shapes can vary depending on the brand and the specific product. To get the most accurate and up-to-date information on the available animal shapes in ""Animal Crackers,"" I recommend checking the packaging or contacting the manufacturer directly.",1
Which volcano in Tanzania is the highest mountain in Africa?,"The highest mountain in Africa is Mount Kilimanjaro, which is also an inactive stratovolcano. Located in Tanzania, it stands at an impressive height of 5,895 meters (19,341 feet) above sea level. Kilimanjaro is a popular destination for climbers from around the world, attracting both experienced mountaineers and adventurous tourists. Its snow-capped peak, known as Uhuru Peak, offers breathtaking views and a unique trekking experience.",1
The flag of Libya is a plain rectangle of which color?,"The flag of Libya consists of a plain rectangle with three horizontal stripes of red, black, and green, from top to bottom. The red stripe represents the bloodshed during the struggle for independence, the black stripe symbolizes the dark days of oppression under the former regime, and the green stripe symbolizes Libya's agricultural prosperity. However, please note that the political situation and flag design in Libya may have changed since my last knowledge update in September 2021. It's always a good idea to verify the current flag design from reliable sources.",1
Of which African country is Niamey the capital?,"Niamey is the capital of Niger, which is a landlocked country located in West Africa. It is situated along the Niger River, in the southwestern part of the country.",1
Who was the director of the CIA from 1976-81?,"The director of the Central Intelligence Agency (CIA) from 1976 to 1981 was Stansfield Turner. Turner served as the 12th Director of the CIA, appointed by President Jimmy Carter. He took office on March 9, 1977, and held the position until January 20, 1981, when President Ronald Reagan assumed office. Stansfield Turner's tenure as director was marked by various intelligence and policy challenges, including the Iranian Revolution and the Soviet invasion of Afghanistan.",0
Which musical featured the song The Street Where You Live?,"The song ""The Street Where You Live"" is from the musical ""My Fair Lady."" ""My Fair Lady"" is a musical with book and lyrics by Alan Jay Lerner and music by Frederick Loewe. It is based on George Bernard Shaw's play ""Pygmalion"" and tells the story of Eliza Doolittle, a Cockney flower girl who takes speech lessons from professor Henry Higgins to pass as a lady in high society. ""The Street Where You Live"" is a popular song from the show, performed by the character Freddy Eynsford-Hill.",1
"""Who was the target of the failed """"Bomb Plot"""" of 1944?""","The failed ""Bomb Plot"" of 1944, also known as the July 20 plot or Operation Valkyrie, was an assassination attempt on Adolf Hitler, the leader of Nazi Germany. The plot was organized by a group of German officers and civilians who were opposed to Hitler's regime and sought to overthrow the Nazi government. The main instigator of the plot was Colonel Claus von Stauffenberg, who planted a bomb in Hitler's headquarters, known as the Wolf's Lair, in East Prussia. However, the bomb failed to kill Hitler, and he survived with minor injuries. After the plot was discovered, Stauffenberg and several other conspirators were executed.",1
Who had an 80s No 1 hit with Hold On To The Nights?,"""Hold On to the Nights"" is a song that was released in 1988 and reached number one on the Billboard Hot 100 chart in the United States. The artist who had this 80s No. 1 hit with ""Hold On to the Nights"" is Richard Marx. Richard Marx is an American singer, songwriter, and musician known for his pop and adult contemporary music.",1
Who directed the classic 30s western Stagecoach?," The classic 1939 Western film ""Stagecoach"" was directed by John Ford. It is widely regarded as one of the greatest Western films of all time and was instrumental in revitalizing the genre. John Ford is considered a master of the Western genre and directed numerous iconic Western films throughout his career.",1
Dave Gilmore and Roger Waters were in which rock group?,"Dave Gilmour and Roger Waters were both members of the iconic rock band Pink Floyd. Pink Floyd was formed in 1965 in London, England, and became one of the most influential and successful rock bands of all time. Dave Gilmour joined the band in 1968, initially as a replacement for founding member Syd Barrett, while Roger Waters played bass guitar, wrote lyrics, and contributed vocals to the band's music. Together, Gilmour and Waters played crucial roles in shaping the sound and direction of Pink Floyd until Waters left the band in 1985.",1
Which highway was Revisited in a classic 60s album by Bob Dylan?,"The highway that was revisited in a classic 60s album by Bob Dylan is ""Highway 61."" The album is titled ""Highway 61 Revisited"" and was released in 1965. It is widely regarded as one of Dylan's greatest and most influential works, featuring iconic songs such as ""Like a Rolling Stone"" and ""Desolation Row."" The album's title is a reference to the highway that connects Dylan's birthplace of Duluth, Minnesota, to the musical hotbed of New Orleans, Louisiana. Highway 61 has symbolic significance in American music history and was a route that many blues musicians traveled during the early 20th century.",1
Which was the only eastern bloc country to participate in the 1984 LA Olympics?,The only Eastern Bloc country that participated in the 1984 Los Angeles Olympics was Romania.,1
Which 90s sci fi series with James Belushi was based on Bruce Wagner's comic strip of the same name?,"I'm sorry, but there seems to be a mistake in your question. James Belushi is primarily known for his work in comedy and has not starred in a 90s sci-fi series based on Bruce Wagner's comic strip. James Belushi is an American actor, comedian, and musician, known for his roles in comedic films and television shows such as ""According to Jim"" and ""K-9."" It's possible that there might be some confusion or misinformation regarding the series you're referring to. If you have any other questions or if there's anything else I can assist you with, please let me know.",0
If I Were A Rich Man Was a big hit from which stage show?,"""If I Were a Rich Man"" is a popular song from the stage musical called ""Fiddler on the Roof."" The musical was written by Joseph Stein, with music by Jerry Bock and lyrics by Sheldon Harnick. It premiered on Broadway in 1964 and has since become one of the most beloved and enduring musicals in the theater repertoire. ""If I Were a Rich Man"" is one of the show's most recognizable and iconic songs, performed by the character Tevye, a poor Jewish milkman living in early 20th-century Russia.",1
Men Against the Sea and Pitcairn's Island were two sequels to what famous novel?,"""Men Against the Sea"" and ""Pitcairn's Island"" are the second and third books in the trilogy known as the ""Bounty Trilogy,"" which serves as a sequel to the famous novel ""Mutiny on the Bounty.""",1
What is the only novel to top the best-seller lists for two consecutive years?,"The only novel to top the best-seller lists for two consecutive years is ""Gone with the Wind"" by Margaret Mitchell. It was published in 1936 and remained at the top of the best-seller lists in 1936 and 1937. The novel gained immense popularity and went on to become one of the most successful and enduring works of American literature.",0
"To whom did Helen Keller dedicate her autobiography, The Story of My Life?","Helen Keller dedicated her autobiography, ""The Story of My Life,"" to Alexander Graham Bell, who was a close friend and mentor to her. Alexander Graham Bell was an inventor and scientist who played a significant role in helping Helen Keller communicate and receive an education. He was also one of the founders of the American Association to Promote the Teaching of Speech to the Deaf, which had a profound impact on Keller's life. In recognition of his support and guidance, Keller chose to dedicate her autobiography to Bell.",1
"""Complete this Biblical quotation: """"It is easier for a camel to go through the eye of a needle, than...""","""...for a rich man to enter the kingdom of God.""",1
What was Truman Capote's last name before he was adopted by his stepfather?,"Truman Capote's birth name was Truman Streckfus Persons. Before he was adopted by his stepfather, he went by his birth name. However, after the adoption, he took on the surname of his stepfather and became known as Truman Garcia Capote.",1
What book knocked Henry Kissinger's White house Years out of first place on the best-seller list in November 1979?,"In November 1979, the book that knocked Henry Kissinger's ""White House Years"" out of first place on the best-seller list was ""The Complete Book of Running"" by James F. Fixx. This book, published in 1977, became extremely popular and helped spark the running and jogging boom in the United States. It remained on the best-seller list for several weeks, surpassing Kissinger's book in popularity during that time.",0
"In Lewis Carroll's poem The Hunting of the Snark, what did the elusive, troublesome snark turn into to fool hunters?","In Lewis Carroll's poem ""The Hunting of the Snark,"" the elusive and troublesome Snark was described as a mysterious creature with various characteristics and behaviors. While the Snark did not specifically turn into something to fool the hunters in the poem, its nature and elusive qualities made it challenging to capture or define.  The poem revolves around a group of diverse individuals embarking on a quest to hunt the Snark, each with their own interpretation of what the Snark might be. However, the poem does not reveal the true form or nature of the Snark, leaving it open to interpretation.  Throughout the poem, the Snark is described as a creature that is difficult to catch, often leaving behind a trail of destruction and confusion. It is said to have ""bark-like skin"" and a ""voice like a trumpet."" It is elusive, cunning, and known for its ability to cause trouble and mischief.  While the Snark's transformation to fool the hunters is not explicitly mentioned in the poem, its true nature and appearance remain a mystery, perhaps deliberately left to the imagination of the reader. The focus of the poem is more on the journey of the hunters and the philosophical and existential questions it raises, rather than on the specific actions or tricks of the Snark itself.",0
In what state was playwright Tennessee Williams born?,"Playwright Tennessee Williams was born in the state of Mississippi, United States. Specifically, he was born in Columbus, Mississippi, on March 26, 1911. Tennessee Williams is known for his renowned works such as ""A Streetcar Named Desire"" and ""The Glass Menagerie,"" which have become significant contributions to American theater.",1
Who was the only Englishman to become Pope?,"The only Englishman to become Pope in history was Pope Adrian IV, whose birth name was Nicholas Breakspear. He served as the head of the Catholic Church from 1154 until his death in 1159. Pope Adrian IV was born in the village of Abbots Langley in Hertfordshire, England. His papacy was marked by various political and religious challenges, including conflicts with the Holy Roman Emperor Frederick I Barbarossa.",1
"In the Bible, who did the sun and moon stand still before?","According to the Bible, the event where the sun and moon stood still is described in the Book of Joshua, specifically in Joshua 10:12-14. It recounts a battle between the Israelites and their enemies, the Amorites. Joshua, the leader of the Israelites, prayed to God for assistance, and during the battle, he commanded the sun and moon to stand still. The exact wording of the passage is as follows:  ""On the day the LORD gave the Amorites over to Israel, Joshua said to the LORD in the presence of Israel: 'Sun, stand still over Gibeon, and you, moon, over the Valley of Aijalon.' So the sun stood still, and the moon stopped, till the nation avenged itself on its enemies, as it is written in the Book of Jashar. The sun stopped in the middle of the sky and delayed going down about a full day. There has never been a day like it before or since, a day when the LORD listened to a human being. Surely the LORD was fighting for Israel!""  This account suggests that God granted Joshua's request, causing the sun and moon to halt their movement temporarily, thus extending the daylight to give the Israelites more time to defeat their enemies.",1
What Michelle Pfeiffer movie got a boost from the Coolio song Gangsta's Paradise?,"The Michelle Pfeiffer movie that received a boost from the Coolio song ""Gangsta's Paradise"" is ""Dangerous Minds."" The song was featured prominently in the film and became a huge hit, contributing to the film's popularity. ""Dangerous Minds"" was released in 1995 and starred Michelle Pfeiffer as a dedicated teacher who tries to inspire and educate a group of troubled students in an inner-city high school.",1
"In the Bible, who saw the handwriting on the wall?","In the Bible, the person who saw the handwriting on the wall is King Belshazzar. The story is found in the Book of Daniel, specifically in Daniel chapter 5. According to the account, during a great feast held by Belshazzar, the Babylonian king, a hand appeared and wrote a mysterious message on the wall of the palace. None of the king's wise men and astrologers were able to interpret the writing, which greatly troubled Belshazzar. Eventually, the prophet Daniel was summoned, and he revealed the meaning of the message, predicting the downfall of Belshazzar's kingdom and its conquest by the Medes and Persians. That very night, the prophecy came true, and Belshazzar was slain.",1
What comic strip character was named after heavyweight boxing champion James J. Jeffries?,"The comic strip character named after heavyweight boxing champion James J. Jeffries is Jeff, from the comic strip ""Mutt and Jeff."" ""Mutt and Jeff"" was created by Bud Fisher and first appeared in 1907. The character Jeff was named after James J. Jeffries, who was a prominent boxer in the early 20th century.",1
What was President Gerald Ford's middle name?,"President Gerald Ford's middle name was Rudolph. His full name was Leslie Lynch King Jr., but he was renamed Gerald Rudolph Ford Jr. after his mother remarried.",1
Who recorded the When Harry Met Sally soundtrack?,"The soundtrack for the film ""When Harry Met Sally..."" was composed and conducted by Harry Connick Jr. He also performed the vocals and played piano on the soundtrack. The album, titled ""When Harry Met Sally... Music From The Motion Picture,"" was released in 1989 and features a mix of instrumental jazz compositions and vocal tracks. Harry Connick Jr.'s contributions to the soundtrack helped establish his career as a prominent jazz musician and vocalist.",1
Art Garfunkel trained for which profession although he didn't qualify?,"Art Garfunkel, the American singer-songwriter and actor, trained to become a mathematics teacher. While pursuing his education, he met Paul Simon, and the duo went on to form the iconic musical duo Simon & Garfunkel. However, despite his training, Art Garfunkel did not qualify as a mathematics teacher. His career in music took off, and he achieved great success as a musician rather than pursuing a career in teaching.",0
Who was the last inmate of Spandau jail in Berlin?,"The last inmate of Spandau Jail in Berlin was Rudolf Hess. Hess was a prominent figure in Nazi Germany and was Adolf Hitler's Deputy Führer. He was captured in 1941 when he flew to Scotland in an unauthorized attempt to negotiate peace between Germany and the United Kingdom during World War II. After the war, Hess was tried at the Nuremberg Trials and sentenced to life imprisonment. He was the sole remaining inmate in Spandau Jail from 1966 until his death on August 17, 1987. Following Hess's death, the prison was demolished to prevent it from becoming a neo-Nazi pilgrimage site.",1
What was Eddie Murphy's first movie?,"Eddie Murphy's first movie was ""48 Hrs."" released in 1982. In this action-comedy film, directed by Walter Hill, Eddie Murphy starred alongside Nick Nolte as a convict who is temporarily released from prison to help a tough cop catch a pair of cop-killers within 48 hours. The film was a commercial success and helped launch Eddie Murphy's career as a prominent actor and comedian.",1
In the 80s who wrote the novel Empire of The Sun?,"The novel ""Empire of the Sun"" was written by J.G. Ballard. It was published in 1984 and is a semi-autobiographical work based on Ballard's experiences as a child during World War II. The novel tells the story of a young British boy named Jim, who becomes separated from his parents and ends up living in the internment camps of Shanghai during the war. It explores themes of survival, loss, and the impact of war on individuals. ""Empire of the Sun"" was critically acclaimed and later adapted into a film directed by Steven Spielberg in 1987.",1
Kagoshima international airport is in which country?,"Kagoshima International Airport is located in Japan. It serves the city of Kagoshima, which is the capital of Kagoshima Prefecture on the island of Kyushu.",1
In which sport could the Pacers take on the Pistons?,"The Pacers and the Pistons are professional basketball teams that compete in the National Basketball Association (NBA). Therefore, the sport in which the Pacers could take on the Pistons is basketball.",1
Kim Carnes' nine weeks at No 1 with Bette Davis Eyes was interrupted for one week by which song?,"Kim Carnes' nine-week reign at No. 1 with ""Bette Davis Eyes"" on the Billboard Hot 100 was interrupted for one week by the song ""Stars on 45 Medley"" by Stars on 45. The medley, which was a mashup of various Beatles songs, topped the charts for a single week in June 1981, breaking Kim Carnes' streak before she regained the top spot for the remaining eight weeks.",1
Where in Canada is the Lion's Gate bridge?,"The Lion's Gate Bridge is located in Vancouver, British Columbia, Canada. It spans the Burrard Inlet and connects the City of Vancouver to the North Shore municipalities of West Vancouver and North Vancouver. The bridge is an iconic landmark in the region and offers stunning views of the surrounding area.",1
What was Walter Matthau's first movie?,"Walter Matthau's first credited movie role was in the film ""The Kentuckian"" released in 1955. However, he had appeared in uncredited roles in a couple of films before that.",1
Otis Barton was a pioneer in exploring where?,"Otis Barton was a pioneer in exploring the depths of the ocean. He is particularly known for his deep-sea diving expeditions and his contributions to the field of undersea exploration. In 1934, Barton, along with engineer William Beebe, descended to a record depth of 3,028 feet (923 meters) in a bathysphere, a spherical diving vessel designed for deep-sea exploration. This groundbreaking dive took place off the coast of Bermuda in the Atlantic Ocean. Barton's deep-sea exploration efforts played a significant role in advancing our understanding of the ocean and its ecosystems.",1
Where in England was actor Nigel Hawthorne born?,"Nigel Hawthorne, the late British actor, was born in Coventry, England. He was born on April 5, 1929, in Coventry, which is located in the West Midlands region of England. Hawthorne had a successful career in film, television, and theater, and is particularly well-known for his portrayal of Sir Humphrey Appleby in the TV series ""Yes Minister"" and ""Yes, Prime Minister."" He received numerous awards and accolades for his work before his passing in 2001.",1
What would Kevin Scale have been called if it had adopted the originator's first name?,"If Kevin Scale had adopted the originator's first name, it would have been called ""The [Originator's First Name] Scale."" The specific name would depend on the first name of the originator.",1
"What mythological beast has the head of a man, the body of a lion, and the tail and feet of a dragon?","The mythological beast you are referring to is commonly known as a ""Manticore."" The Manticore is a legendary creature from various mythologies and is typically described as having the head of a human, the body of a lion, and the tail of a scorpion or dragon. It is often depicted with rows of sharp teeth and sometimes with wings. The Manticore has been featured in folklore and literature from different cultures, including Persian and European mythology.",1
"In Greek mythology, who were Arges, Brontes and Steropes?","In Greek mythology, Arges, Brontes, and Steropes were known as the Cyclopes, a group of gigantic, one-eyed creatures. They were the sons of Uranus (the sky) and Gaia (the earth) and were brothers to the Titans and the Hekatonkheires (hundred-handed giants).  The Cyclopes were often depicted as blacksmiths and craftsmen, known for their exceptional skills in forging. They were credited with creating powerful weapons and artifacts for the gods and heroes. In some accounts, they were also associated with lightning and thunder, suggesting a connection to Zeus and his role as the god of the sky.  According to the most famous myth involving the Cyclopes, they were imprisoned in Tartarus, the deepest part of the underworld, by their father Uranus. Later, their release was orchestrated by the Titan Cronus, who overthrew Uranus. As a gesture of gratitude, the Cyclopes provided Zeus with his thunderbolt, Poseidon with his trident, and Hades with his helmet of invisibility. These weapons played crucial roles in the Titanomachy (the war between the Titans and the Olympians) and the subsequent establishment of the Olympian gods' rule.  The names Arges, Brontes, and Steropes are often used interchangeably to refer to the Cyclopes collectively, although some accounts do attribute specific skills or roles to each individual Cyclops.",1
"In Greek mythology, what were the names of Oedipus's parents?","In Greek mythology, the parents of Oedipus were King Laius and Queen Jocasta. Laius was the ruler of Thebes, and Jocasta was his wife. They were warned by an oracle that their son would kill his father and marry his mother, so they tried to prevent this prophecy from coming true by abandoning the infant Oedipus. However, he was found and raised by another family, unaware of his true lineage. Oedipus eventually fulfilled the prophecy unknowingly, killing Laius and marrying Jocasta, thus bringing tragedy upon himself and his family.",1
Which musician founded the Red Hot Peppers?,"The musician who founded the Red Hot Chili Peppers is Anthony Kiedis. He is the lead vocalist of the band and has been a prominent member since its inception in 1983. Along with Anthony Kiedis, the original lineup of the Red Hot Chili Peppers included Flea (bassist), Hillel Slovak (guitarist), and Jack Irons (drummer). Over the years, the band has gone through some lineup changes, but Kiedis has remained a constant presence and one of the driving forces behind the Red Hot Chili Peppers' success.",0
Where did the Shinning Path terrorists operate?,"The Shining Path, also known as the Communist Party of Peru (Spanish: Partido Comunista del Perú), was a Maoist guerrilla group that operated in Peru. Active primarily from 1980 to the early 1990s, the Shining Path aimed to overthrow the Peruvian government and establish a communist state.   The group's activities were concentrated in rural areas of Peru, particularly in the central and southern regions of the country. They gained significant support among impoverished rural communities by appealing to their grievances and promising radical land reforms. The Shining Path employed a strategy of armed insurgency, engaging in guerrilla warfare, sabotage, and acts of terrorism.  Their actions included bombings, assassinations, and targeted killings of political opponents, government officials, police officers, military personnel, and civilians who were perceived as enemies of their movement. The Shining Path was known for its brutal tactics, including mass killings and forced recruitment, as well as their use of propaganda to advance their cause.  The Peruvian government launched a counterinsurgency campaign against the Shining Path in the early 1990s, which significantly weakened the group. The capture of the group's leader, Abimael Guzmán, in 1992 dealt a major blow to the organization. Although the Shining Path still exists in a diminished form, its influence and activities have significantly declined since its peak in the 1980s.",1
How old was Jimi Hendrix when he died?,"Jimi Hendrix was 27 years old when he died. He was born on November 27, 1942, and tragically passed away on September 18, 1970. Hendrix was an immensely talented and influential guitarist and singer-songwriter, known for his innovative approach to music and his electrifying performances. His untimely death was a significant loss to the world of music.",1
Which Brit broke the land speed record in 1990 in Thrust 2?,"The British driver who broke the land speed record in 1990 using the vehicle Thrust 2 was Richard Noble. The record-breaking achievement took place on October 4, 1983, in the Black Rock Desert in Nevada, United States. Richard Noble reached a speed of 633.468 miles per hour (1,019.468 kilometers per hour) and became the first person to break the sound barrier on land.",1
In which state was Gene Vincent born?,"Gene Vincent, whose real name was Vincent Eugene Craddock, was born in the state of Virginia, United States. He was born on February 11, 1935, in Norfolk, Virginia. Gene Vincent was a pioneering rock and roll musician known for hits such as ""Be-Bop-A-Lula"" and ""Bluejean Bop.""",1
How was the European Recovery Program in the 1940s more commonly known?,"The European Recovery Program, which was initiated in the 1940s, is more commonly known as the Marshall Plan. The plan was named after the United States Secretary of State at the time, George C. Marshall, who proposed it in a speech delivered at Harvard University on June 5, 1947. The Marshall Plan aimed to provide economic assistance to help rebuild war-torn Europe after World War II and prevent the spread of communism in the region. It offered financial aid, technical expertise, and resources to European countries to support their economic recovery and promote stability. The plan was highly successful in revitalizing Western Europe's economies and fostering closer ties between the United States and its European allies.",1
Brandon Lee died during the making of which movie?,"Brandon Lee died during the making of the movie ""The Crow"" in 1993. Brandon Lee, the son of martial arts legend Bruce Lee, was portraying the character Eric Draven in the film. Tragically, he was accidentally shot during the filming of a scene, which resulted in his death. The incident occurred when a blank cartridge was mistakenly loaded with a live round in a prop gun, and the subsequent discharge of the weapon caused a fatal injury to Brandon Lee. The event shocked the film industry and fans around the world.",1
Who had a 70s No 1 hit with Let's Do It Again?,"The 70s No. 1 hit ""Let's Do It Again"" was performed by The Staple Singers. The song was released in 1975 and became a chart-topping success for the group.",1
Who had a Too Legit To Quit Tour?,"The ""Too Legit to Quit Tour"" was a concert tour by American rapper MC Hammer. MC Hammer, whose real name is Stanley Burrell, embarked on this tour in 1991 to promote his album ""Too Legit to Quit."" The tour was a major success and featured elaborate stage productions, choreography, and Hammer's signature dance moves.",1
"""According to Rudyard Kipling what were the """"two imposters"""" to meet and treat the same day?""","According to Rudyard Kipling's poem ""If—,"" the two imposters that a person should meet and treat the same are success and failure. The relevant lines from the poem are as follows:  ""If you can meet with Triumph and Disaster And treat those two impostors just the same""  In these lines, Kipling suggests that one should not be overly elated by success or overly discouraged by failure. Instead, he advises maintaining a balanced and level-headed approach in the face of both achievement and setback.",1
Who is the most successful UK solo artist in the USA?,"As of my knowledge cutoff in September 2021, the most successful UK solo artist in the USA is Elton John. Elton John is a highly acclaimed singer, songwriter, and pianist who has achieved tremendous success throughout his career. He has had numerous hit songs on the Billboard charts, including multiple number-one hits, and has sold millions of albums in the United States. Elton John's popularity and influence have made him one of the most successful British musicians in the American market. However, please note that the music industry is constantly evolving, and there may have been changes or new successful UK solo artists in the USA since my last update.",1
Where was horse racing's Breeder's Cup held in 1987?,"The Breeders' Cup in 1987 was held at Hollywood Park Racetrack in Inglewood, California. It was the fourth edition of the Breeders' Cup World Championships, a prestigious horse racing event that brings together the best thoroughbreds from around the world to compete in various races. Hollywood Park Racetrack hosted the event for the first time, and it has since been held at different racetracks across the United States.",1
Which country does the airline TAAG come from?,"TAAG Angola Airlines, also known as TAAG Linhas Aéreas de Angola, is the national airline of Angola. It is based in Luanda, the capital city of Angola.",1
Which US No 1 single came from Diana Ross's platinum album Diana?,"The US No. 1 single that came from Diana Ross's platinum album ""Diana"" is ""Upside Down."" The song was released in 1980 and became a huge success, reaching the top of the Billboard Hot 100 chart. It remains one of Diana Ross's most popular and iconic songs.",1
River Phoenix died during the making of which movie?,"River Phoenix died during the making of the movie ""Dark Blood."" ""Dark Blood"" was directed by George Sluizer and began filming in 1993. However, River Phoenix tragically passed away on October 31, 1993, from a drug overdose outside the Viper Room nightclub in West Hollywood, California, before completing the film. As a result, the production of ""Dark Blood"" was halted and remained unfinished for many years. The film was eventually released in a completed form in 2012, nearly two decades after River Phoenix's death.",1
Which artist David was born in Bradford UK?,"The artist David Hockney was born in Bradford, UK. David Hockney is a renowned British painter, printmaker, and photographer. He was born on July 9, 1937, in Bradford, West Yorkshire, England. Hockney is known for his vibrant and colorful works, including landscapes, portraits, and pool scenes. He is considered one of the most influential British artists of the 20th century.",1
What is Mel Gibson's middle name?,Mel Gibson's middle name is Columcille.,1
Richard Daley was mayor of which city for 21 years?,"Richard Daley was the mayor of Chicago for 21 years. He served as the mayor from 1955 until his death in 1976. Richard J. Daley, commonly known as Mayor Daley, was one of the most influential mayors in Chicago's history, and his tenure had a significant impact on the city's politics and development.",1
"""In which movie did Garbo say, """"I want to be alone"""".""","Greta Garbo famously said the line ""I want to be alone"" in the movie ""Grand Hotel"" released in 1932. In the film, Garbo portrays the character of Grusinskaya, a reclusive ballerina. This line has become one of the most iconic quotes associated with her career.",1
Robert Kirkpatrick of California grew the world's biggest what?,"I'm sorry, but I couldn't find any information about Robert Kirkpatrick from California growing the world's biggest anything in my training data, which goes up until September 2021. It's possible that this event occurred after my knowledge cutoff or is not widely known. Without more specific information, it is challenging to provide an accurate answer. Can you provide any additional details or context about the event or what Robert Kirkpatrick grew?",1
What is Osbert Lancaster best known for producing?,"Osbert Lancaster is best known for his work as a British cartoonist, illustrator, and stage designer. He gained prominence for his humorous and satirical cartoons that often depicted British society, architecture, and fashion. Lancaster's cartoons appeared in various publications, including the Daily Express and The Observer, and he also published several books compiling his illustrations.  In addition to his cartooning career, Osbert Lancaster made significant contributions as a stage designer. He designed sets and costumes for numerous theater productions, including plays, operas, and ballets. His distinctive style and attention to detail were widely recognized and admired in the theater world.  Overall, Osbert Lancaster's legacy lies in his talent for blending wit, artistry, and social commentary, both through his cartoons and his stage designs.",1
Who was the defending champion when Martina Navratilova first won Wimbledon singles?,"When Martina Navratilova first won the Wimbledon singles title in 1978, the defending champion was Chris Evert. Navratilova defeated Evert in the final to claim her first Wimbledon singles championship.",0
Who was the first US-born winner of golf's British Open?,"The first US-born winner of golf's British Open was John McDermott. He achieved this feat in 1911 when he won the tournament at The Royal Liverpool Golf Club, Hoylake, England. McDermott, born in Philadelphia on August 14, 1891, became the first American-born golfer to win the prestigious championship. He went on to win the British Open again in 1912, making him the first golfer to win the tournament in consecutive years.",0
In which country is the Sky Train Rail bridge?,"As of my knowledge cutoff in September 2021, there isn't a specific bridge known as the ""Sky Train Rail bridge"" that is universally recognized. It's possible that the bridge you're referring to is a local or regional structure that has been given that name. To provide you with accurate information, could you please provide more context or details about the specific bridge you're referring to?",1
What was the Paramount Film Company originally called?,"The Paramount Film Company was originally called the Famous Players Film Company. It was founded in 1912 by Adolph Zukor and originally operated under that name. In 1914, the company merged with Jesse L. Lasky's Feature Play Company to form Famous Players-Lasky Corporation. Eventually, the company adopted the name Paramount Pictures Corporation in 1927, which is the name it is still known by today.",1
Which founder of the company Triad was accused by the USA of receiving bribes?,"As of my knowledge cutoff in September 2021, there is no information available regarding a company named Triad with a founder accused by the USA of receiving bribes. It's possible that either the company name or the accusation details might have changed or become known after my knowledge cutoff. To obtain the most accurate and up-to-date information, I recommend checking recent news sources or official government statements for any developments regarding Triad or similar cases.",1
Who was the first person after Scott to reach the South Pole overland?,"The first person to reach the South Pole overland after Robert Falcon Scott was Roald Amundsen, a Norwegian explorer. Amundsen and his team arrived at the South Pole on December 14, 1911, beating Scott's expedition by just over a month. Amundsen's successful journey to the South Pole was a significant achievement in polar exploration and solidified his place in history as one of the great explorers of the Antarctic region.",0
Which journalist first told the world about the My Lai massacre?,"The journalist who first broke the news about the My Lai massacre was Seymour Hersh. Seymour Hersh, an investigative journalist, exposed the incident in a series of articles published in November 1969 in the American newspaper, The New York Times. His groundbreaking reporting shed light on the shocking massacre committed by U.S. soldiers during the Vietnam War.",1
What is the name of Terence and Shirley Conran's dress designer son?,"Terence and Shirley Conran's dress designer son is named Jasper Conran. Jasper Conran is a British fashion designer known for his work in the fashion industry, particularly in women's clothing. He has his own fashion label and has collaborated with various high-profile brands and retailers.",1
Which drink did The Spice Girls promote?,"The Spice Girls were known for promoting Pepsi-Cola in the late 1990s. They appeared in a series of commercials and advertisements for Pepsi, which featured their music and energetic performances. The group's collaboration with Pepsi helped boost their global visibility and solidify their status as pop icons.",1
Who was the youngest brother in the Beach Boys?,"The youngest brother in the Beach Boys was Carl Wilson. He was born on December 21, 1946. Carl Wilson was a founding member of the Beach Boys, along with his brothers Brian Wilson and Dennis Wilson, and their cousin Mike Love. He played guitar, sang lead and backing vocals, and contributed to the songwriting and production of the band's music. Carl Wilson passed away on February 6, 1998, at the age of 51.",1
Which actress was called by the US Senate a 'powerful force of evil' when she left her husband and child in 1948?,"I'm sorry, but I couldn't find any specific information about an actress being called a ""powerful force of evil"" by the US Senate in 1948 or any other time for leaving her husband and child. It's possible that this might be a misinterpretation or a fictional event. If you have any other details or context, I would be happy to try and help you further.",1
Who first hosted Family Feud?,"The original host of the television game show ""Family Feud"" was Richard Dawson. He hosted the show from its debut in 1976 until 1985, and then returned for a brief stint from 1994 to 1995. Richard Dawson is widely recognized as the most iconic and beloved host of ""Family Feud.""",1
What did the Lone Ranger's title Kemo Sabe mean in Apache?,"In popular culture, the term ""Kemo Sabe"" is commonly associated with the character of Tonto, the Native American companion of the Lone Ranger in the American Western media franchise. However, it is important to note that ""Kemo Sabe"" does not have a specific meaning in the Apache language or any other Native American language.  The term was created by the writers of the Lone Ranger radio show, which first aired in 1933. It was intended to sound like a Native American phrase and was used by Tonto as a nickname for the Lone Ranger. The show's creators claimed that ""Kemo Sabe"" meant ""trusty scout"" or ""faithful friend"" in Apache, but this is not accurate. It was simply a fictional phrase invented for the show.  The exact origin and meaning of ""Kemo Sabe"" within the context of the Lone Ranger's character remain rooted in the fictional universe of the radio show, TV series, and subsequent adaptations. It has become part of the cultural lexicon associated with the Lone Ranger but does not have any authentic Apache linguistic significance.",0
Who or what was Gentle Ben in the 60s TV series?,"In the 1960s TV series ""Gentle Ben,"" Gentle Ben refers to the title character, who was a fictional North American black bear. The show was based on the 1965 book of the same name written by Walt Morey. It followed the adventures of a young boy named Mark Wedloe, who develops a close bond with the bear named Ben. The series depicted their adventures and the various challenges they faced while living in the wilderness of the Florida Everglades. ""Gentle Ben"" aired from 1967 to 1969 and gained popularity for its heartwarming portrayal of the relationship between a boy and his bear.",1
Which 70s show was based on the British show Till Death Us Do Part?,"The American show based on the British series ""Till Death Us Do Part"" is called ""All in the Family."" ""All in the Family"" was a highly influential sitcom that aired from 1971 to 1979. It was created by Norman Lear and starred Carroll O'Connor as Archie Bunker, a working-class, bigoted, and outspoken character. The show tackled social and political issues of the time and was known for its controversial and provocative content. ""All in the Family"" was a critical and commercial success and remains a significant part of television history.",1
On what date in 1969 did Neil Armstrong first set foot on the Moon?,"Neil Armstrong first set foot on the Moon on July 20, 1969.",1
Bandar Seri Begawan International airport is in which country?,"Bandar Seri Begawan International Airport is located in Brunei. Bandar Seri Begawan is the capital city of Brunei, and the airport serves as the primary international gateway to the country.",1
What was the profession of Paul Strand (1890 - 1976)?,"Paul Strand (1890-1976) was a prominent American photographer and filmmaker. He is widely regarded as one of the pioneers of modern photography and was instrumental in elevating photography to an art form. Strand's work often focused on capturing the essence of everyday life and social issues, with a particular emphasis on documentary photography. His photographs were known for their strong composition, use of light and shadow, and profound social commentary. Apart from photography, Strand also worked on several documentary films, utilizing his visual storytelling skills to shed light on various subjects.",1
